info,name
,"Adarkar Wastes,Adarkar Wastes - Foil,Air Elemental,Air Elemental - Foil,Aladdin's Ring,Aladdin's Ring - Foil,Anaba Shaman,Anaba Shaman - Foil,Anaconda,Anaconda - Foil,Anarchist,Anarchist - Foil,Ancient Silverback,Ancient Silverback - Foil,Angel of Mercy,Angel of Mercy - Foil,Angel's Feather,Angel's Feather - Foil,Angelic Blessing,Angelic Blessing - Foil,Annex,Annex - Foil,Archivist,Archivist - Foil,Aven Cloudchaser"
,
,
,
,
,
,
,
,
,
,
,
,
,
,
,
,
,
,
,
,
,
,
,
,
,
,"Abyssal Specter,Abyssal Specter - Foil,Air Elemental,Air Elemental - Foil,Aladdin's Ring,Aladdin's Ring - Foil,Ambition's Cost,Ambition's Cost - Foil,Anaba Shaman,Anaba Shaman - Foil,Angel of Mercy,Angel of Mercy - Foil,Angelic Page,Angelic Page - Foil,Archivist,Archivist - Foil,Ardent Militia,Ardent Militia - Foil,Avatar of Hope,Avatar of Hope - Foil,Aven Cloudchaser,Aven Cloudchaser - Foil,Aven Fisher,Aven Fisher - Foil,Aven Flock"
,
,
,
,
,
,
,"Abbey Gargoyles,Abyssal Specter,Adarkar Wastes,AEther Storm,Air Elemental,Akron Legionnaire,Alabaster Potion,Aladdin's Ring,Ambush Party,Amulet of Kroog,An-Havva Constable,Angry Mob,Animate Dead,Animate Wall,Ankh of Mishra,Anti-Magic Aura,Arenson's Aura,Armageddon,Armor of Faith,Ashes to Ashes,Ashnod's Altar,Ashnod's Transmogrant,Aspect of Wolf,Atog,Aurochs"
,
,
,
,
,
,
,
,
,
,
,
,
,
,
,
,
,
,
,
,
,
,
,
,
,
,
,
,"Abomination,Air Elemental,Alabaster Potion,Aladdin's Lamp,Aladdin's Ring,Ali Baba,Amrou Kithkin,Amulet of Kroog,Angry Mob,Animate Artifact,Animate Dead,Animate Wall,Ankh of Mishra,Apprentice Wizard,Armageddon,Armageddon Clock,Ashes to Ashes,Ashnod's Battle Gear,Aspect of Wolf,Backfire,Bad Moon,Balance,Ball Lightning,Battering Ram,Benalish Hero"
,
,
,
,
,
,
,
,
,
,
,
,
,
,
,
,
,
,
,
,
,
,
,
,
,
,
,
,
,
,
,
,
,
,
,
,
,
,
,
,
,
,
,"Abduction,Abyssal Hunter,Abyssal Specter,Adarkar Wastes,AEther Flash,Agonizing Memories,Air Elemental,Aladdin's Ring,Amber Prison,Anaba Bodyguard,Anaba Shaman,Ancestral Memories,Animate Wall,Ankh of Mishra,Archangel,Ardent Militia,Armageddon,Armored Pegasus,Ashen Powder,Ashnod's Altar,Balduvian Barbarians,Balduvian Horde,Birds of Paradise,Blaze,Blight"
,
,
,
,
,
,
,
,
,
,
,
,
,
,
,
,
,
,
,
,
,
,
,
,
,
,"Acidic Slime,Acidic Slime - Foil,Acolyte of Xathrid,Acolyte of Xathrid - Foil,Act of Treason,Act of Treason - Foil,Air Elemental,Air Elemental - Foil,Ajani Goldmane,Ajani Goldmane - Foil,Alluring Siren,Alluring Siren - Foil,Angel's Feather,Angel's Feather - Foil,Angel's Mercy,Angel's Mercy - Foil,Ant Queen,Ant Queen - Foil,Armored Ascension,Armored Ascension - Foil,Assassinate,Assassinate - Foil,Avatar Token,Awakener Druid,Awakener Druid - Foil"
,
,
,
,
,
,
,
,
,"Acidic Slime,Acidic Slime - Foil,Ajani's Sunstriker,Ajani's Sunstriker - Foil,Ajani, Caller of the Pride,Ajani, Caller of the Pride - Foil,Akroma's Memorial,Akroma's Memorial - Foil,Angel's Mercy,Angel's Mercy - Foil,Angelic Benediction,Angelic Benediction - Foil,Arbor Elf,Arbor Elf - Foil,Archaeomancer,Archaeomancer - Foil,Arctic Aven,Arctic Aven - Foil,Arms Dealer,Arms Dealer - Foil,Attended Knight,Attended Knight - Foil,Augur of Bolas,Augur of Bolas - Foil,Aven Squire"
,
,
,
,
,
,
,
,
,
,
,
,
,
,
,
,
,
,
,
,
,
,
,
,
,
,
,
,
,
,
,
,
,
,
,
,
,
,
,
,
,
,
,"Academy Raider,Academy Raider - Foil,Accorder's Shield,Accorder's Shield - Foil,Accursed Spirit,Accursed Spirit - Foil,Act of Treason,Act of Treason - Foil,Advocate of the Beast,Advocate of the Beast - Foil,Air Servant,Air Servant - Foil,Ajani's Chosen,Ajani's Chosen - Foil,Ajani, Caller of the Pride,Ajani, Caller of the Pride - Foil,Altar's Reap,Altar's Reap - Foil,Angel Token,Angelic Accord,Angelic Accord - Foil,Angelic Wall,Angelic Wall - Foil,Archaeomancer,Archaeomancer - Foil"
,
,
,
,
,
,
,
,
,
,
,
,
,
,
,
,
,
,
,
,
,
,
,
,
,
,"Accursed Spirit,Accursed Spirit - Foil,Act on Impulse,Act on Impulse - Foil,Aegis Angel,Aeronaut Tinkerer,Aeronaut Tinkerer - Foil,AEtherspouts,AEtherspouts - Foil,Aggressive Mining,Aggressive Mining - Foil,Ajani Steadfast,Ajani Steadfast - Foil,Ajani's Pridemate,Ajani's Pridemate - Foil,Altac Bloodseeker,Altac Bloodseeker - Foil,Amphin Pathmage,Amphin Pathmage - Foil,Ancient Silverback,Ancient Silverback - Foil,Avacyn, Guardian Angel,Avacyn, Guardian Angel - Foil,Avarice Amulet,Avarice Amulet - Foil"
,
,
,
,
,
,
,
,
,
,
,
,
,
,
,
,
,
,
,
,
,
,
,
,
,
,"Abnormal Endurance,Abnormal Endurance - Foil,Act of Treason,Act of Treason - Foil,Aegis of the Heavens,Aegis of the Heavens - Foil,Aerial Engineer,Aerial Engineer - Foil,Aether Tunnel,Aether Tunnel - Foil,Aethershield Artificer,Aethershield Artificer - Foil,Aggressive Mammoth - Planeswalker Deck Exclusive,Air Elemental - Planeswalker Deck Exclusive,Ajani's Influence - Planeswalker Deck Exclusive,Ajani's Last Stand,Ajani's Last Stand - Foil,Ajani's Pridemate,Ajani's Pridemate - Foil,Ajani's Welcome,Ajani's Welcome - Foil,Ajani, Adversary of Tyrants,Ajani, Adversary of Tyrants - Foil,Ajani, Wise Counselor - Foil - Planeswalker Deck Exclusive,Alpine Moon"
,
,
,
,
,
,
,
,
,
,
,
,
,
,
,
,
,
,
,
,
,
,
,
,
,
,"Celestine Reef - Prerelease Promo,Horizon Boughs - Gateway Promo,Mirrored Depths - WPN Promo,Stairs to Infinity - Foil - Launch Promo,Stairs to Infinity - Planechase 2012 Promo,Tazeem - Planechase Release Promo,Tember City - WPN Promo"
,
,
,
,
,
,
,
,"Abeyance - Oversized Promo,Adarkar Wastes - Overized Promo,All Hallow's Eve - Oversized Promo,Aswan Jaguar - Oversized Promo,Autumn Willow - Oversized Promo,Avacyn, Angel of Hope Foil Oversized Helvault Promo,Avacyn, Angel of Hope Oversized Helvault Promo,Balance - Oversized Promo,Balduvian Horde - Oversized Promo,Baron Sengir - Oversized Promo,Black Knight - Oversized Promo,Black Lotus - Oversized Promo,Blacker Lotus - Oversized Promo,Blinking Spirit - Oversized Promo,Bruna, Light of Alabaster Foil Oversized Helvault Promo,Bruna, Light of Alabaster Oversized Helvault Promo,Brushland - Oversized Promo,Cadaverous Bloom - Oversized  Promo,Chaos Orb - Oversized Promo,City of Brass - Oversized Promo,Comet Storm - Oversized Promo,Dark Banishing - Oversized Promo,Deflection - Oversized Promo,Disenchant - Oversized Promo,Drain Life - Oversized Promo"
,
,
,
,
,
,
,
,
,
,
,
,
,
,
,
,
,
,
,
,
,
,
,
,
,
,"Ambition's Cost - 8th Edition Box Topper,Avatar of Hope - 8th Edition Box Topper,Blinding Angel - 8th Edition Box Topper,Clone - 9th Edition Box Topper,Curiosity - 8th Edition Box Topper,Diabolic Tutor - 8th Edition Box Topper,Enrage - 8th Edition Box Topper,Force of Nature - 9th Edition Box Topper,Furnace of Rath - 8th Edition Box Topper,Guerilla Tactics - 8th Edition Box Topper,Hell's Caretaker - 9th Edition Box Topper,Hypnotic Specter - 9th Edition Box Topper,Icy Manipulator - 9th Edition Box Topper,Intruder Alarm - 8th Edition Box Topper,Jester's Cap - 9th Edition Box Topper,Kird Ape - 9th Edition Box Topper,Llanowar Behemoth - 8th Edition Box Topper,Llanowar Elves - 9th Edition Box Topper,Lord of the Undead - 8th Edition Box Topper,Mahamoti Djinn - 9th Edition Box Topper,Merchant of Secrets - 8th Edition Box Topper,Merchant Scroll - 8th Edition Box Topper,Mind Bend - 8th Edition Box Topper,Mind Slidge - 8th Edition Box Topper,Naturalize - 8th Edition Box Topper"
,
,
,
,
,
,
,
,
,
,
,
,
,
,
,
,
,
,
,
,
,
,
,
,
,
,"Acidic Slime,Acidic Slime - Foil,Act of Treason,Act of Treason - Foil,Adaptive Automaton,Adaptive Automaton - Foil,Aegis Angel,Aegis Angel - Foil,AEther Adept,AEther Adept - Foil,Alabaster Mage,Alabaster Mage - Foil,Alluring Siren,Alluring Siren - Foil,Amphin Cutthroat,Amphin Cutthroat - Foil,Angel's Feather,Angel's Feather - Foil,Angel's Mercy,Angel's Mercy - Foil,Angelic Destiny,Angelic Destiny - Foil,Arachnus Spinner,Arachnus Spinner - Foil,Arachnus Web"
,
,
,
,
,
,
,
,
,
,
,
,
,
,
,
,
,
,
,
,
,
,
,
,
,
,
,
,
,
,
,
,
,
,
,
,
,
,
,
,
,
,
,
,
,
,"Abbot of Keral Keep,Abbot of Keral Keep - Foil,Acolyte of the Inferno,Acolyte of the Inferno - Foil,Act of Treason,Act of Treason - Foil,Aegis Angel,Aerial Volley,Aerial Volley - Foil,Akroan Jailer,Akroan Jailer - Foil,Akroan Sergeant,Akroan Sergeant - Foil,Alchemist's Vial,Alchemist's Vial - Foil,Alhammarret's Archive,Alhammarret's Archive - Foil,Alhammarret, High Arbiter,Alhammarret, High Arbiter - Foil,Ampryn Tactician,Ampryn Tactician - Foil,Anchor to the Aether,Anchor to the Aether - Foil,Angel Token,Angel's Tomb"
,
,
,
,
,
,
,
,
,
,
,
,
,
,
,
,
,
,
,
,
,
,
,
,
,
,
,
,
,
,
,
,
,
,"Akoum,Aretopolis,Astral Arena,Bloodhill Bastion,Chaotic AEther,Edge of Malacol,Furnace Layer,Gavony,Glen Elendra,Grand Ossuary,Grove of the Dreampods,Hedron Fields of Agadeem,Interplanar Tunnel,Jund,Kessig,Kharasha Foothills,Kilnspire District,Lair of the Ashen Idol,Morphic Tide,Mount Keralia,Mutual Epiphany,Nephalia,Norn's Dominion,Onakke Catacomb,Orochi Colony"
,
,
,
,
,
,
,
,
,
,
,
,
,
,
,
,
,
,
,"Acidic Slime,Acidic Slime - Foil,Act of Treason,Act of Treason - Foil,AEther Adept,AEther Adept - Foil,Air Servant,Air Servant - Foil,Ajani Goldmane,Ajani Goldmane - Foil,Ajani's Mantra,Ajani's Mantra - Foil,Ajani's Pridemate,Ajani's Pridemate - Foil,Alluring Siren,Alluring Siren - Foil,Ancient Hellkite,Ancient Hellkite - Foil,Angel's Feather,Angel's Feather - Foil,Angelic Arbiter,Angelic Arbiter - Foil,Arc Runner,Arc Runner - Foil,Armored Ascension"
,
,
,
,
,
,
,
,
,
,
,
,
,
,
,
,
,
,
,
,
,
,
,
,
,
,
,
,
,
,
,
,
,"Abundance,Abundance - Foil,Academy Researchers,Academy Researchers - Foil,Adarkar Wastes,Adarkar Wastes - Foil,Afflict,Afflict - Foil,Aggressive Urge,Aggressive Urge - Foil,Agonizing Memories,Agonizing Memories - Foil,Air Elemental,Air Elemental - Foil,Ambassador Laquatus,Ambassador Laquatus - Foil,Anaba Bodyguard,Anaba Bodyguard - Foil,Ancestor's Chosen,Ancestor's Chosen - Foil,Angel of Mercy,Angel of Mercy - Foil,Angel's Feather,Angel's Feather - Foil,Angelic Blessing"
,
,
,
,
,
,
,
,
,
,
,
,
,
,
,
,
,
,
,
,
,
,
,
,
,
,
,
,
,
,
,
,
,
,
,
,
,"Abyssal Horror,Abyssal Horror - Foil,Abyssal Specter,Abyssal Specter - Foil,Adarkar Wastes,Adarkar Wastes - Foil,AEther Flash,AEther Flash - Foil,Agonizing Memories,Agonizing Memories - Foil,Air Elemental,Air Elemental - Foil,Aladdin's Ring,Aladdin's Ring - Foil,Anaconda,Anaconda - Foil,Ancestral Memories,Ancestral Memories - Foil,Ancient Silverback,Ancient Silverback - Foil,Angelic Page,Angelic Page - Foil,Arcane Laboratory,Arcane Laboratory - Foil,Archivist"
,
,
,
,
,
,
,
,
,
,
,
,
,
,
,
,
,
,
,
,
,
,
,
,
,
